{
  "project_info": {
    "project_number": "374307570449",
    "project_id": "reabita-eda32",
    "storage_bucket": "reabita-eda32.appspot.com"
  },
  "client": [
    {
      "client_info": {
        "mobilesdk_app_id": "1:374307570449:android:227519281a0e34b42e82b0",
        "android_client_info": {
          "package_name": "com.example.reabita"
        }
      },
      "oauth_client": [
        {
          "client_id": "374307570449-ete63pcm874p13mlt3179tnkht0ks09b.apps.googleusercontent.com",
          "client_type": 3
        }
      ],
      "api_key": [
        {
          "current_key": "AIzaSyCd3FFpzXQsDSq0Q6-dafpEU3e7u84CLRo"
        }
      ],
      "services": {
        "appinvite_service": {
          "other_platform_oauth_client": [
            {
              "client_id": "374307570449-ete63pcm874p13mlt3179tnkht0ks09b.apps.googleusercontent.com",
              "client_type": 3
            }
          ]
        }
      }
    }
  ],
  "configuration_version": "1"
}