name,image,level,duration,type
Força e Mobilidade/Categoria I,Capa Força e MobilidadeCategoria I,Básico,30,I
Força e Mobilidade/Categoria II,Capa Força e MobilidadeCategoria II,Básico,35,II
Força e Mobilidade/Categoria III,Capa Força e MobilidadeCategoria III,Básico,35,III
Força e Mobilidade/Categoria IV,Capa Força e MobilidadeCategoria IV,Básico,40,IV
Força e Mobilidade/Categoria V e  VI,Capa Força e MobilidadeCategoria V e  VI,Básico,40,"V, VI"
Força e Mobilidade/Categoria VI,Capa Força e MobilidadeCategoria VI,Básico,35,VI
Alongamento/Categoria I e II,Capa AlongamentoCategoria I e II,Básico,15,"I, II"
"Alongamento/Categoria III, IV V e VI","Capa AlongamentoCategoria III, IV V e VI",Básico,20,"III, IV, V, VI"