workout,name,description,interval,quantity,thumb,video
Força e Mobilidade/Categoria I,Olhar para os lados,"Sentado, com os braços e ombros relaxados, virar o rosto olhando por cima do ombro direito, voltar ao centro e depois olhando por cima do ombro esquerdo. Continuar o movimento até terminar as  repetições.",sem intervalo,10 repetições cada lado,1,<URL_VIDEO_DO_YOUTUBE>
Força e Mobilidade/Categoria I,Olhar para cima e para baixo,"Sentado, Com os braços e ombros relaxados, virar o rosto para baixo, olhando para o seu peito, depois virar o rosto para cima, na direção do teto. Continuar o movimento até terminar as  repetições.",sem intervalo,10 repetições,2,
Força e Mobilidade/Categoria I,Fortalecimento cervical para frente,"Sentado, peça para que uma outra pessoa coloque a palma da mão em sua testa, então faça força contra a palma da mão para empurrá-la afrente com a testa, para assim fortaçecer a cervical. Continuar o exercício até terminar as  repetições.",2 minutos,3 séries x 15repetições,3,
Força e Mobilidade/Categoria I,Fortalecimento cervical para trás,"Sentado, peça para que uma outra pessoa coloque a palma da mão atrás da sua cabeça, então faça força contra a palma da mão para empurrá-la para trás com a cabeça, para assim fortaçecer a cervical. Continuar o exercício até terminar as  repetições.",2 minutos,3 séries x 15repetições,4,
Força e Mobilidade/Categoria I,Inclinação lateral,"Sentado, com os braços/cotovelos apoiados no apoio da cadeira, levar o peso do corpo para a direita usando o movimento da cabeça e tronco, retonrar ao entro, e depois levar o peso do corpo para a esquerda. Continuar o exercício até terminar as  repetições.",2 minutos,3 séries x 15repetições,5,
Força e Mobilidade/Categoria I,Flexão e extensão de braço adaptada - Lado direito,"Sentado, peça para que outra pessoa apoie o cabo de vassoura na lateral direita da cadeira, no chão, segure-o com a mão direita com o auxílio desta pessoa, e com a ajuda dela, estenda o braço para frente, movendo o cabo de vassoura, e para trás, trazendo o cabo de vassoura de votlta para perto do tronco. Obs: Pode ser feito amarrando a mão com atadura ao cabo de vassoura.",2 minutos,3 séries x 15repetições,6,
Força e Mobilidade/Categoria I,Flexão e extensão de braço adaptada - Lado esquerdo,"Sentado, peça para que outra pessoa apoie o cabo de vassoura na lateral esquerda da cadeira, no chão, segure-o com a mão direita com o auxílio desta pessoa, e com a ajuda dela, estenda o braço para frente, movendo o cabo de vassoura, e para trás, trazendo o cabo de vassoura de votlta para perto do tronco. Obs: Pode ser feito amarrando a mão com atadura ao cabo de vassoura.",2 minutos,3 séries x 15repetições,7,
Força e Mobilidade/Categoria II,Rodação de ombro unilateral - Direita,"Sentado, rode seu braço direito para trás, até terminar as repetições e depoir repita rotando para frente.",sem intervalo,10 repetições cada sentido de rotação,8,
Força e Mobilidade/Categoria II,Rodação de ombro unilateral - Esquerda,"Sentado, rode seu braço esquerdo para trás, até terminar as repetições e depoir repita rotando para frente.",sem intervalo,10 repetições cada sentido de rotação,9,
Força e Mobilidade/Categoria II,Fortalecimento cervical para frente,"Sentado, peça para que uma outra pessoa coloque a palma da mão em sua testa, então faça força contra a palma da mão para empurrá-la afrente com a testa, para assim fortaçecer a cervical. Continuar o exercício até terminar as  repetições.",2 minutos,3 séries x 15repetições,3,
Força e Mobilidade/Categoria II,Fortalecimento cervical para trás,"Sentado, peça para que uma outra pessoa coloque a palma da mão atrás da sua cabeça, então faça força contra a palma da mão para empurrá-la para trás com a cabeça, para assim fortaçecer a cervical. Continuar o exercício até terminar as  repetições.",2 minutos,3 séries x 15repetições,4,
Força e Mobilidade/Categoria II,Inclinação lateral,"Sentado, com os braços/cotovelos apoiados no apoio da cadeira, levar o peso do corpo para a direita usando o movimento da cabeça e tronco, retonrar ao entro, e depois levar o peso do corpo para a esquerda. Continuar o exercício até terminar as  repetições.",2 minutos,3 séries x 15repetições,5,
Força e Mobilidade/Categoria II,Flexão e extensão de braço adaptada - Lado direito,"Sentado, peça para que outra pessoa apoie o cabo de vassoura na lateral direita da cadeira, no chão, segure-o com a mão direita com o auxílio desta pessoa, e com a ajuda dela, estenda o braço para frente, movendo o cabo de vassoura, e para trás, trazendo o cabo de vassoura de votlta para perto do tronco. Obs: Pode ser feito amarrando a mão com atadura ao cabo de vassoura.",2 minutos,3 séries x 15repetições,6,
Força e Mobilidade/Categoria II,Flexão e extensão de braço adaptada - Lado esquerdo,"Sentado, peça para que outra pessoa apoie o cabo de vassoura na lateral esquerda da cadeira, no chão, segure-o com a mão direita com o auxílio desta pessoa, e com a ajuda dela, estenda o braço para frente, movendo o cabo de vassoura, e para trás, trazendo o cabo de vassoura de votlta para perto do tronco. Obs: Pode ser feito amarrando a mão com atadura ao cabo de vassoura.",2 minutos,3 séries x 15repetições,7,
Força e Mobilidade/Categoria II,Flexão de ombro,"Sentado, segurar uma garrafa de 500ml com as duas mãos(pode amarrar as mãos com atadura se necessário), levantar as mãos o mais alto possível e depois retornar a pousar as mãos no colo. Continuar o exercício até terminar as  repetições.",de 1 a 2 minutos,3 séries x 15repetições,10,
Força e Mobilidade/Categoria II,Mobilidade de ombro e cervical,"Sentado, olhe em direção ao teto puxando o ar, sem pressionar o pescoço em excesso atrás, depois solte o ar e relaxe a cabeça afrente, voltado o rosto para baixo. Mantenha o alinhamento do tronco durante todo o exercício. Continuar o movimento até terminar as repetições.",sem intervalo,10 repetições,11,
Força e Mobilidade/Categoria III,Mobilidade de ombro e cervical,"Sentado, com as duas mãos atrás da nuca, inspire abrindoos cotovelos para trás e olhando em direção ao teto. Depois solte o ar abaixando o rosto na direção das pernas e relaxe os cotovelos, mantendo as mãos atrás da nuca. Mantenha o alinhamento do tronco durante todo o exercício. Continuar o movimento até terminar as repetições.",sem intervalo,10 repetições,11,
Força e Mobilidade/Categoria III,Deslocamento lateral de tronco,"Sentado, com os cotovelos dobrados, mova o tronco lateralmente para a direita entando tocar a lateral da cadeira com o cotovelo, depois retorne ao centro e  repita o movimento para a esquerda também tentando tocar a lateral da cadeira com o cotovelo. Continuar o movimento até terminar as repetições.",de 1 a 2 minutos,3 séries x 8 repetições para cada lado,12,
Força e Mobilidade/Categoria III,Deslocamento afrente de trono,"Sentado, segurando um cabo de vassoura com as duas mãos, com a palma da mão para cima e os braços esticados para frente, próximo a altura do ombro. Tente levar o cabo da vassoura o máximo para frente, utilizando também movimento de tronco, sem perder o equilíbrio, depois retorne com as costas no encosto da cadeira. Continuar o movimento até terminar as repetições.",de 1 a 2 minutos,3 séries x 15 repetições,13,
Força e Mobilidade/Categoria III,Fortalecimento bíceps unilateral - Direita,"Sentado, segurando uma garrafa de 500ml com a mão direita, com o dorso da mão apoiado sobre a perna, leve a mão direita até o ombro direito e depois retorne a pousa-la na perna. Continuar o movimento até terminar as repetições.",de 1 a 2 minutos,3 séries x 15 repetições,14,
Força e Mobilidade/Categoria III,Fortalecimento bíceps unilateral - Esquerda,"Sentado, segurando uma garrafa de 500ml com a mão esquerda, com o dorso da mão apoiado sobre a perna, leve a mão esquerda até o ombro esquerdo e depois retorne a pousa-la na perna. Repita algumas vezes.",de 1 a 2 minutos,3 séries x 15 repetições,15,
Força e Mobilidade/Categoria III,Rotação interna de ombro isométrica - Direita,"Sentado em uma cadeira, posicione a cadeira travada de frente para um vão de porta. Com a cadeira bem perto da parede, mantenha seu cotovelo direito ao lado do corpo a 90 graus e a palma da mão apoiado da parede como na imagem ilustrativa. Depois tente empurrar a parede aplicando força na palma da mão por 3 segundos, depois volte a relaxar. Continuar o movimento até terminar as repetições. Obs: Este exercício é de contração isométrica, ou seja, você fará força parado.",de 1 a 2 minutos,3 séries x 15 repetições,16,
Força e Mobilidade/Categoria III,Rotação interna de ombro isométrica - Esquerda,"Sentado em uma cadeira, posicione a cadeira travada de frente para um vão de porta. Com a cadeira bem perto da parede, mantenha seu cotovelo direito ao lado do corpo a 90 graus e a palma da mão apoiado da parede como na imagem ilustrativa. Depois tente empurrar a parede aplicando força na palma da mão por 3 segundos, depois volte a relaxar. Continuar o movimento até terminar as repetições. Obs: Este exercício é de contração isométrica, ou seja, você fará força parado.",de 1 a 2 minutos,3 séries x 15 repetições,17,
Força e Mobilidade/Categoria III,Alongamento em torção de tronco  - Direita,"Sentado na cadeira, posicione o braço direito na região posterior da roda, ou atrás do encosto da cadeira, e a mão esquerda por fora do apoio de praço, ou por fora do joelho direito, levando o tronco a fazer uma torção deste sentido. Manternha a posição pelo tempo indicado.",sem intervalo,30 segundos,18,
Força e Mobilidade/Categoria III,Alongamento em torção de tronco  - Esquerda,"Sentado na cadeira, posicione o braço esquerdo na região posterior da roda, ou atrás do encosto da cadeira, e a mão direita por fora do apoio de praço, ou por fora do joelho esquerdo, levando o tronco a fazer uma torção deste sentido. Manternha a posição pelo tempo indicado.",sem intervalo,30 segundos,19,
Força e Mobilidade/Categoria IV,Mobilidade de ombro e cervical,"Sentado, com as duas mãos atrás da nuca, inspire abrindoos cotovelos para trás e olhando em direção ao teto. Depois solte o ar abaixando o rosto na direção das pernas e relaxe os cotovelos, mantendo as mãos atrás da nuca. Mantenha o alinhamento do tronco durante todo o exercício. Continuar o movimento até terminar as  repetições.",sem intervalo,10 repetições,11,
Força e Mobilidade/Categoria IV,Deslocamento lateral de tronco,"Sentado, com os cotovelos dobrados, mova o tronco lateralmente para a direita entando tocar a lateral da cadeira com o cotovelo, depois retorne ao centro e  repita o mocimento para a esquerda também tentando tocar a lateral da cadeira com o cotovelo. Continuar o movimento até terminar as repetições.",de 1 a 2 minutos,3 séries x 10 repetições de cada lado,12,
Força e Mobilidade/Categoria IV,Deslocamento afrente de trono,"Sentado, segurando um cabo de vassoura com as duas mãos, com a palma da mão para cima e os braços esticados para frente, próximo a altura do ombro. Tente levar o cabo da vassoura o máximo para frente, utilizando também movimento de tronco, sem perder o equilíbrio, depois retorne com as costas no encosto da cadeira. Continuar o movimento até terminar as repetições.",de 1 a 2 minutos,3 séries x 15 repetições,13,
Força e Mobilidade/Categoria IV,Fortalecimento bíceps unilateral - Direita,"Sentado, segurando uma garrafa de 500ml com a mão direita, com o dorso da mão apoiado sobre a perna, leve a mão direita até o ombro direito e depois retorne a pousa-la na perna. Continuar o movimento até terminar as repetições.",de 1 a 2 minutos,3 séries x 15 repetições,14,
Força e Mobilidade/Categoria IV,Fortalecimento bíceps unilateral - Esquerda,"Sentado, segurando uma garrafa de 500ml com a mão esquerda, com o dorso da mão apoiado sobre a perna, leve a mão esquerda até o ombro esquerdo e depois retorne a pousa-la na perna. Repita algumas vezes.",de 1 a 2 minutos,3 séries x 15 repetições,15,
Força e Mobilidade/Categoria IV,Rotação interna de ombro isométrica - Direita,"Sentado em uma cadeira, posicione a cadeira travada de frente para um vão de porta. Com a cadeira bem perto da parede, mantenha seu cotovelo direito ao lado do corpo a 90 graus e a palma da mão apoiado da parede como na imagem ilustrativa. Depois tente empurrar a parede aplicando força na palma da mão por 3 segundos, depois volte a relaxar. Continuar o movimento até terminar as repetições. Obs: Este exercício é de contração isométrica, ou seja, você fará força parado.",de 1 a 2 minutos,3 séries x 15 repetições,16,
Força e Mobilidade/Categoria IV,Rotação interna de ombro isométrica - Esquerda,"Sentado em uma cadeira, posicione a cadeira travada de frente para um vão de porta. Com a cadeira bem perto da parede, mantenha seu cotovelo direito ao lado do corpo a 90 graus e a palma da mão apoiado da parede como na imagem ilustrativa. Depois tente empurrar a parede aplicando força na palma da mão por 3 segundos, depois volte a relaxar. Continuar o movimento até terminar as repetições. Obs: Este exercício é de contração isométrica, ou seja, você fará força parado.",de 1 a 2 minutos,3 séries x 15 repetições,17,
Força e Mobilidade/Categoria IV,Fortalecimento tríceps unilateral - Direita,"Sentado na cadeira, segure uma garrafa dágua com a mão direita, posicione seu cotovelo direito dobrado a 90º, próximo à altura do ombro, apontado para trás, e a partir deste posição estique o antebraço direito levando a garrafa dágua para trás, depois retorne anebraço, sem mover a posição do cotovelo. Continuar o movimento até terminar as repetições.",de 1 a 2 minutos,3 séries x 15 repetições,22,
Força e Mobilidade/Categoria IV,Fortalecimento tríceps unilateral - Esquerda,"Sentado na cadeira, segure uma garrafa dágua com a mão esquerda, posicione seu cotovelo direito dobrado a 90º, próximo à altura do ombro, apontado para trás, e a partir deste posição estique o antebraço direito levando a garrafa dágua para trás, depois retorne anebraço, sem mover a posição do cotovelo. Continuar o movimento até terminar as repetições.",de 1 a 2 minutos,3 séries x 15 repetições,23,
Força e Mobilidade/Categoria IV,Alongamento em torção de tronco  - Direita,"Sentado na cadeira, posicione o braço direito na região posterior da roda, ou atrás do encosto da cadeira, e a mão esquerda por fora do apoio de praço, ou por fora do joelho direito, levando o tronco a fazer uma torção deste sentido. Manternha a posição pelo tempo indicado.",sem intervalo,30 segundos,18,
Força e Mobilidade/Categoria IV,Alongamento em torção de tronco  - Esquerda,"Sentado na cadeira, posicione o braço esquerdo na região posterior da roda, ou atrás do encosto da cadeira, e a mão direita por fora do apoio de praço, ou por fora do joelho esquerdo, levando o tronco a fazer uma torção deste sentido. Manternha a posição pelo tempo indicado.",sem intervalo,30 segundos,19,
Força e Mobilidade/Categoria V e  VI,Mobilidade de ombro e cervical,"Sentado, com as duas mãos atrás da nuca, inspire abrindoos cotovelos para trás e olhando em direção ao teto. Depois solte o ar abaixando o rosto na direção das pernas e relaxe os cotovelos, mantendo as mãos atrás da nuca. Mantenha o alinhamento do tronco durante todo o exercício. Continuar o movimento até terminar as  repetições.",sem intervalo,10 repetições,11,
Força e Mobilidade/Categoria V e  VI,Deslocamento lateral de tronco,"Sentado, com os cotovelos dobrados, mova o tronco lateralmente para a direita entando tocar a lateral da cadeira com o cotovelo, depois retorne ao centro e  repita o mocimento para a esquerda também tentando tocar a lateral da cadeira com o cotovelo. Continuar o movimento até terminar as repetições.",de 1 a 2 minutos,3 séries x 10 repetições de cada lado,12,
Força e Mobilidade/Categoria V e  VI,Deslocamento afrente de trono,"Sentado, segurando um cabo de vassoura com as duas mãos, com a palma da mão para cima e os braços esticados para frente, próximo a altura do ombro. Tente levar o cabo da vassoura o máximo para frente, utilizando também movimento de tronco, sem perder o equilíbrio, depois retorne com as costas no encosto da cadeira. Continuar o movimento até terminar as repetições.",de 1 a 2 minutos,3 séries x 15 repetições,13,
Força e Mobilidade/Categoria V e  VI,Fortalecimento bíceps unilateral - Direita,"Sentado, segurando uma garrafa de 500ml com a mão direita, com o dorso da mão apoiado sobre a perna, leve a mão direita até o ombro direito e depois retorne a pousa-la na perna. Continuar o movimento até terminar as repetições.",de 1 a 2 minutos,3 séries x 15 repetições,14,
Força e Mobilidade/Categoria V e  VI,Fortalecimento bíceps unilateral - Esquerda,"Sentado, segurando uma garrafa de 500ml com a mão esquerda, com o dorso da mão apoiado sobre a perna, leve a mão esquerda até o ombro esquerdo e depois retorne a pousa-la na perna. Repita algumas vezes.",de 1 a 2 minutos,3 séries x 15 repetições,15,
Força e Mobilidade/Categoria V e  VI,Rotação interna de ombro isométrica - Direita,"Sentado em uma cadeira, posicione a cadeira travada de frente para um vão de porta. Com a cadeira bem perto da parede, mantenha seu cotovelo direito ao lado do corpo a 90 graus e a palma da mão apoiado da parede como na imagem ilustrativa. Depois tente empurrar a parede aplicando força na palma da mão por 3 segundos, depois volte a relaxar. Continuar o movimento até terminar as repetições. Obs: Este exercício é de contração isométrica, ou seja, você fará força parado.",de 1 a 2 minutos,3 séries x 15 repetições,16,
Força e Mobilidade/Categoria V e  VI,Rotação interna de ombro isométrica - Esquerda,"Sentado em uma cadeira, posicione a cadeira travada de frente para um vão de porta. Com a cadeira bem perto da parede, mantenha seu cotovelo direito ao lado do corpo a 90 graus e a palma da mão apoiado da parede como na imagem ilustrativa. Depois tente empurrar a parede aplicando força na palma da mão por 3 segundos, depois volte a relaxar. Continuar o movimento até terminar as repetições. Obs: Este exercício é de contração isométrica, ou seja, você fará força parado.",de 1 a 2 minutos,3 séries x 15 repetições,17,
Força e Mobilidade/Categoria V e  VI,Fortalecimento tríceps unilateral - Direita,"Sentado na cadeira, segure uma garrafa dágua com a mão direita, posicione seu cotovelo direito dobrado a 90º, próximo à altura do ombro, apontado para trás, e a partir deste posição estique o antebraço direito levando a garrafa dágua para trás, depois retorne anebraço, sem mover a posição do cotovelo. Continuar o movimento até terminar as repetições.",de 1 a 2 minutos,3 séries x 15 repetições,22,
Força e Mobilidade/Categoria V e  VI,Fortalecimento tríceps unilateral - Esquerda,"Sentado na cadeira, segure uma garrafa dágua com a mão esquerda, posicione seu cotovelo direito dobrado a 90º, próximo à altura do ombro, apontado para trás, e a partir deste posição estique o antebraço direito levando a garrafa dágua para trás, depois retorne anebraço, sem mover a posição do cotovelo. Continuar o movimento até terminar as repetições.",de 1 a 2 minutos,3 séries x 15 repetições,23,
Força e Mobilidade/Categoria V e  VI,Alongamento em torção de tronco  - Direita,"Sentado na cadeira, posicione o braço direito na região posterior da roda, ou atrás do encosto da cadeira, e a mão esquerda por fora do apoio de praço, ou por fora do joelho direito, levando o tronco a fazer uma torção deste sentido. Manternha a posição pelo tempo indicado.",sem intervalo,30 segundos,18,
Força e Mobilidade/Categoria V e  VI,Alongamento em torção de tronco  - Esquerda,"Sentado na cadeira, posicione o braço esquerdo na região posterior da roda, ou atrás do encosto da cadeira, e a mão direita por fora do apoio de praço, ou por fora do joelho esquerdo, levando o tronco a fazer uma torção deste sentido. Manternha a posição pelo tempo indicado.",sem intervalo,30 segundos,19,
Força e Mobilidade/Categoria VI,Mobilidade de ombro e cervical,"Sentado, com as duas mãos atrás da nuca, inspire abrindoos cotovelos para trás e olhando em direção ao teto. Depois solte o ar abaixando o rosto na direção das pernas e relaxe os cotovelos, mantendo as mãos atrás da nuca. Mantenha o alinhamento do tronco durante todo o exercício. Continuar o movimento até terminar as  repetições.",sem intervalo,10 repetições,11,
Força e Mobilidade/Categoria VI,Deslocamento lateral de tronco,"Sentado, com os cotovelos dobrados, mova o tronco lateralmente para a direita entando tocar a lateral da cadeira com o cotovelo, depois retorne ao centro e  repita o mocimento para a esquerda também tentando tocar a lateral da cadeira com o cotovelo. Continuar o movimento até terminar as repetições.",de 1 a 2 minutos,3 séries x 10 repetições de cada lado,12,
Força e Mobilidade/Categoria VI,Deslocamento lateral na cama,"Sentado na lateral da cama, mantenha sua mão esquerda perto do tronco e alcande a mão direita mais longe do troco, e apoiado nas duas mãos desloque seu quadril lateralmente em direção a mão direita. Repita para se deslocar na lateral da cama, quando terminar o trajeto volte o caminho fazendo o mesmo exercício para o outro sentido.",2 minutos,Realizar tarefa por 2 minutos. 2 séries,24,
Força e Mobilidade/Categoria VI,Abdominal supra,"Deitado de barriga para cima, e as mãos na lateral do tronco apoiadas no colchão, traga o queixo perto do peito, e soltando o ar, tente dirar o apoio das esápucas do colchão realizando um abdominal. Continuar o movimento até terminar as repetições.",de 1 a 2 minutos,3 séries x 10 repetições,25,
Força e Mobilidade/Categoria VI,Extensão de trono unilateral - Direita,"Deitado de barriga para baixo e os braços esticados afrente, solte o ar levantando o rosto do colchão e leve a mão direita pela lateral do tronco em direção a coxa direita , levantando o peito do colchão. A seguir retorne à posição inicial. Olhe na direção da sua mão direita durante o exercício. Continuar o exercício até terminar as repetições. ",de 1 a 2 minutos,3x10 repetições,26,
Força e Mobilidade/Categoria VI,Extensão de trono unilateral - Esquerda,"Deitado de barriga para baixo e os braços esticados afrente, solte o ar levantando o rosto do colchão e leve a mão esquerda pela lateral do tronco em direção a coxa esquerda, levantando o peito do colchão. A seguir retorne à posição inicial. Olhe na direção da sua mão esquerda durante o exercício. Continuar o exercício até terminar as repetições. ",de 1 a 2 minutos,3x10 repetições,27,
Força e Mobilidade/Categoria VI,Fortalecimento bíceps unilateral - Direita,"Sentado, segurando uma garrafa de 500ml com a mão direita, com o dorso da mão apoiado sobre a perna, leve a mão direita até o ombro direito e depois retorne a pousa-la na perna. Continuar o movimento até terminar as repetições.",de 1 a 2 minutos,3 séries x 15 repetições,14,
Força e Mobilidade/Categoria VI,Fortalecimento bíceps unilateral - Esquerda,"Sentado, segurando uma garrafa de 500ml com a mão esquerda, com o dorso da mão apoiado sobre a perna, leve a mão esquerda até o ombro esquerdo e depois retorne a pousa-la na perna. Repita algumas vezes.",de 1 a 2 minutos,3 séries x 15 repetições,15,
Força e Mobilidade/Categoria VI,Alongamento em torção de tronco  - Direita,"Sentado na cama ou cadeira, posicione o braço direito atrás do trono, apoiado na cama, ou passando por trás do encosto da cadeira, e a mão esquerda por fora do joelho direito ou por fora do apoio lateral direito da cadeira, levando o tronco a fazer uma torção deste sentido. Manternha a posição pelo tempo indicado.",sem intervalo,30 segundos,18,
Força e Mobilidade/Categoria VI,Alongamento em torção de tronco  - Esquerda,"Sentado na cama ou cadeira, posicione o braço esquerdo atrás do trono, apoiado na cama, ou passando por trás do encosto da cadeira, e a mão direita por fora do joelho esquerdo ou por fora do apoio lateral esquerdo da cadeira, levando o tronco a fazer uma torção deste sentido. Manternha a posição pelo tempo indicado.",sem intervalo,30 segundos,19,
Alongamento/Categoria I e II,Olhar para cima e para baixo,"Sentado, com os braços e ombros relaxados, virar o rosto para baixo, olhando para o seu peito, depois virar o rosto para cima, na direção do teto. Continuar o movimento até terminar as  repetições.",sem intervalo,10 repetições,2,
Alongamento/Categoria I e II,Alongamento cervical a frente,"Sentado, Com os braços e ombros relaxados, virar o rosto para baixo, olhando para o seu peito, Mantenha a posição alongando a parte de trás de sua cervical pelo tempo inicado.",sem intervalo,1 minuto,28,
Alongamento/Categoria I e II,Alongamento cervical lateral - Direito,"Sentado, solte o braço esquerdo na lateral da cadeira e relaxe a cabeça para o lado direito, em direção ao ombro, e mantenha a posição pelo tempo inicado.",sem intervalo,1 minuto,29,
Alongamento/Categoria I e II,Alongamento cervical lateral - Esquerdo,"Sentado, solte o braço direito na lateral da cadeira e relaxe a cabeça para o lado esquerdo, em direção ao ombro, e mantenha a posição pelo tempo inicado.",sem intervalo,1 minuto,30,
Alongamento/Categoria I e II,Alongamento porsterior de perna,Peça a um ajudante que apoie suas duas pernas em uma cadeira a sua frente mantendo os joelhos esticados. Mantenha a posição pelo tempo indicado.,sem intervalo,5 minutos,31,
Alongamento/Categoria I e II,Alongamento de quadril unilateral - Direita,"Peça a um ajudante que apoie sua perna direita sobre a perna esquerda, cruzando por cima, com o tornozelo direito póroximo ao joelho esquerdo fazendo um 4. Mantenha a posição pelo tempo indicado.",sem intervalo,2 minutos,32,
Alongamento/Categoria I e II,Alongamento de quadril unilateral - Esquerda,"Peça a um ajudante que apoie sua perna esquerda sobre a perna direita, cruzando por cima, com o tornozelo póroximo ao joelho fazendo um 4. Mantenha a posição pelo tempo indicado.",sem intervalo,2 minutos,33,
"Alongamento/Categoria III, IV V e VI",Alongamento posterior de cervical,"Sentado, leve as duas mãos atrás da nuca e voltado o rosto para baixo, relaxando o pescoço puxando levemente a nuca com as mãos. Mantenha a posição pelo tempo indicado.",,10 repetições,34,
"Alongamento/Categoria III, IV V e VI",Alongamento lateral de cervical - Direita,"Sentado, relaxe o braço esquerdo na lateral da cadeira e a cabeça para o lado direito, em direção ao ombro. Ajude a alongar o pescoço apoiando a mão direita em cima da cabeça. Mantenha a posição pelo tempo indicado.",,1 minuto,35,
"Alongamento/Categoria III, IV V e VI",Alongamento lateral de cervical - Esquerda,"Sentado, relaxe o braço direito na lateral da cadeira e a cabeça para o lado esquerdo, em direção ao ombro. Ajude a alongar o pescoço apoiando a mão esquerda em cima da cabeça. Mantenha a posição pelo tempo indicado.",,1 minuto,36,
"Alongamento/Categoria III, IV V e VI",Alongamento de ombro - Direito,"Sentado, utilizando o braço direito, puxe o braço esquerdo com cotovelo esticado para perto do peito e mantenha  aposição pelo tempo indicado.",,1 minuto,37,
"Alongamento/Categoria III, IV V e VI",Alongamento de ombro - Esquerdo,"Sentado, utilizando o braço esquerdo, puxe o braço direito com cotovelo esticado, para perto do peito e mantenha a posição pelo tempo indicado.",,1 minuto,38,
"Alongamento/Categoria III, IV V e VI",Alongamento porsterior de perna com faixa,Apoie suas duas pernas em uma cadeira a sua frente e passe uma faixa ou toalha nos pés. Segure as pontas da faixa ajudando a alongar seus pés na sua direção e mantenha a posição pelo tempo indicado.,,2 minutos,39,
"Alongamento/Categoria III, IV V e VI",Alongamento de quadril unilateral - Esquerda,"Peça a um ajudante que apoie sua perna direita sobre a perna esquerda, cruzando por cima, com o tornozelo direito póroximo ao joelho esquerdo fazendo um 4. Mantenha a posição pelo tempo indicado.",,2 minutos,32,
"Alongamento/Categoria III, IV V e VI",Alongamento de quadril unilateral - Direita,"Peça a um ajudante que apoie sua perna esquerda sobre a perna direita, cruzando por cima, com o tornozelo póroximo ao joelho fazendo um 4. Mantenha a posição pelo tempo indicado.",,2 minutos,33,
"Alongamento/Categoria III, IV V e VI",Alongamento de quadril,"Na cama, ou outra superfície lisa e confortável, deite de barriga para baixo e apoie seus cotovelos levantando o peito, mantenha a posição pelo tempo indicado.",,10 minutos,40,